{
    "attn": [
        0.144439697265625,
        0.146881103515625,
        0.045379638671875,
        0.04327392578125,
        0.037933349609375,
        0.06597900390625,
        0.044097900390625,
        0.07470703125,
        0.043212890625,
        0.040130615234375,
        0.0673828125,
        0.08642578125,
        0.063873291015625,
        0.10552978515625,
        0.034820556640625,
        0.072845458984375,
        0.054351806640625,
        0.0777587890625,
        0.071990966796875,
        0.063507080078125,
        0.097869873046875,
        0.155548095703125,
        0.08404541015625,
        0.142303466796875,
        0.1884765625,
        0.2132568359375,
        0.352752685546875,
        0.716400146484375
    ],
    "mlp": [
        0.225494384765625,
        0.018310546875,
        0.03631591796875,
        0.068206787109375,
        0.157135009765625,
        0.071563720703125,
        0.316375732421875,
        0.320526123046875,
        0.3179931640625,
        0.293914794921875,
        0.277130126953125,
        0.305206298828125,
        0.324432373046875,
        0.252197265625,
        0.305938720703125,
        0.236114501953125,
        0.283203125,
        0.320770263671875,
        0.312530517578125,
        0.357147216796875,
        0.34051513671875,
        0.35260009765625,
        0.32281494140625,
        0.36083984375,
        0.40447998046875,
        0.406341552734375,
        0.498291015625,
        1.016876220703125
    ]
}